bus,x,y
bus0,16.43448328891884,48.182819169779386
bus1,16.43448328891884,48.182819169779386
bus2,16.475635276906313,48.156028623859456
bus3,16.507005507871988,48.13595660773163
bus4,16.42030320445178,48.123891890337354
bus5,16.42030320445178,48.123891890337354
bus6,16.42030320445178,48.123891890337354
bus7,16.43153858316269,48.13917865662055
bus8,16.296991741245638,48.13788877729353
bus9,16.308236306490926,48.081741628649674
bus10,16.28466868119681,48.01008445943901
bus11,16.462895567812954,48.02716660693493
bus12,16.355158596471583,47.87182120740932
bus13,16.374730020789574,47.97236123118079
bus14,16.33104278514838,48.16510316107936
bus15,16.33104278514838,48.16510316107936
bus16,16.33104278514838,48.16510316107936
bus17,16.311164717864624,48.205062186663525
bus18,16.311164717864624,48.205062186663525
bus19,16.333012357302326,48.20054058383018
bus20,16.349068039334522,48.22258008094253
bus21,16.408329253506757,48.22287476650107
bus22,16.389744646612826,48.257576784459474
bus23,16.389744646612826,48.257576784459474
bus24,16.236818276551997,48.200719497044595
bus25,16.45871610776447,48.22681220792532
bus26,16.49584292648908,48.21814231449755
bus27,16.524701306512554,48.213790373765036
bus28,16.45446004381766,48.24906253248876
bus29,16.37814199472902,48.35830970311417
bus30,16.37814199472902,48.35830970311417
bus31,16.37814199472902,48.35830970311417
bus32,16.430307764558385,48.327549753737856
bus33,16.362425351377833,48.24402593217973
bus34,16.377978146536243,48.206265032413306
bus35,16.367701757754535,48.20964449664267
bus36,16.400351219874942,48.18573475435406
bus37,16.353595014114628,48.196508075003706
bus38,16.360943620738475,48.20120068046645
bus39,16.34974155335751,48.20787427377865
bus40,16.382323049798224,48.165037143996194
bus41,16.377346682036222,48.182562418028155
bus42,16.353871071032255,48.168400846207135
bus43,16.33927578118386,48.18669290358194
bus44,16.28533601357929,48.17042682430356
bus45,16.321519385479444,48.215069839789216
bus46,16.334231878019448,48.227193775852015
bus47,16.390791649025072,48.20561221581357
bus48,16.481152874032542,48.17654358767609
bus49,16.462395569848553,48.1994174024933
bus50,16.43362926204755,48.27675380462928
bus51,14.474254887057905,48.124596164492765
bus52,14.474254887057905,48.124596164492765
bus53,14.474254887057905,48.124596164492765
bus54,14.474473556281529,48.131238356019914
bus55,14.741579385848603,47.9884019366051
bus56,15.0235995206552,47.99101048067854
bus57,15.0678775936078,47.886922975072366
bus58,15.096999852051741,47.94169472882997
bus59,15.096946004710277,47.94221570749688
bus60,15.477417840250853,47.930458407006405
bus61,15.266405982024645,47.880267139835134
bus62,15.615768806628276,48.04499487938296
bus63,15.613341933971597,48.11103529605842
bus64,15.617424903723409,48.110908011528174
bus65,15.617430210629573,48.11089860510824
bus66,15.689485546251221,48.22495100697804
bus67,15.689485546251221,48.22495100697804
bus68,15.60690626586013,48.19959332269883
bus69,15.26960439796249,48.2179446776423
bus70,15.180976230802779,48.185501030187666
bus71,15.04796780428108,48.14666514123753
bus72,15.04796780428108,48.14666514123753
bus73,14.90930653388626,48.11210569766892
bus74,14.866789050407537,48.11209674380014
bus75,14.811798431040447,48.062719422645536
bus76,14.829541028041756,47.89032071890559
bus77,16.097799180826723,47.95368747306076
bus78,16.05588577913559,47.86773015287693
bus79,16.039883119188683,48.003942104156636
bus80,16.039883119188683,48.003942104156636
bus81,16.103774000939566,47.7259195495914
bus82,16.0652158830535,47.70748251840189
bus83,16.0652158830535,47.70748251840189
bus84,16.031259655078532,47.71041222865962
bus85,16.12637199619666,47.610622332618235
bus86,16.167664387733083,47.70462315200392
bus87,16.269047330327535,47.815859500006916
bus88,16.246052485580947,47.83638190976236
bus89,16.185459036445348,47.92439800470619
bus90,15.905998220252211,48.20596997169989
bus91,16.041607938124287,48.31315924037724
bus92,15.917854422480199,48.32468663676302
bus93,15.88532259726386,48.32895772069855
bus94,15.88532259726386,48.32895772069855
bus95,15.88532259726386,48.32895772069855
bus96,16.339278777819338,48.33264706643025
bus97,16.504446253135363,48.360932518110104
bus98,16.693261839246375,48.35152051205364
bus99,16.71336373640905,48.34392613134058
bus100,16.91919563019953,48.12209157775407
bus101,16.767693874490924,48.033741026037426
bus102,16.83788176273521,48.08107078654653
bus103,16.864798377283012,48.09575546252475
bus104,16.568986941466,48.47429154735638
bus105,16.622701883427347,48.543298742943534
bus106,16.798952582082922,48.6059906755181
bus107,16.798952582082922,48.6059906755181
bus108,16.798952582082922,48.6059906755181
bus109,16.749155839056332,48.625896242115225
bus110,16.62996573146797,48.65545190933702
bus111,16.383263501624327,48.71484943409462
bus112,16.071049978048755,48.559308703587185
bus113,16.205767489701184,48.39343435206354
bus114,15.855189693910422,48.37320198066244
bus115,15.70557487053656,48.39405606719523
bus116,15.70557487053656,48.39405606719523
bus117,15.689241480282517,48.40924180490794
bus118,15.33275148366134,48.592361063658885
bus119,15.179665898114727,48.599112592383996
bus120,14.991102586712207,48.572095047270636
bus121,14.988520156722165,48.76167295966753
bus122,15.103623760561137,48.854905004836205
bus123,15.275804978218229,48.80692006178315
bus124,15.632729225890131,48.647766151756706
bus125,15.83193803470104,48.66332895812824
bus126,15.256717858035056,48.30196472553179
bus127,15.737270614694681,48.26876549668046
bus128,16.695629572482545,48.03201062535795
bus129,16.695629572482545,48.03201062535795
bus130,16.24079756301021,48.356740355413216
bus131,15.389744567534503,48.197445431652696
bus132,15.39067078158535,48.089344546902325
bus133,15.6530226340114,48.27232665848708
bus134,15.651018384940452,48.40810530540367
bus135,15.60638626930778,48.406618254091
bus136,15.134004623896999,48.1109485773193
bus137,15.711857578016522,48.28451706780283
bus138,15.442889355792872,48.589815849231385
bus139,15.693114132949807,48.48073623909636
bus140,15.5426153741635,48.77754638871012
bus141,15.880387258402054,48.42784227713417
bus142,15.941519739842894,48.3299884499882
bus143,16.0693713787619,48.177772337961
bus144,16.323369204441995,48.35767207100431
bus145,16.05014779317086,48.69738275493007
bus146,16.281450873504802,48.72035926381507
bus147,16.746854197229116,48.5873912032497
bus148,16.575580286573032,48.56070784752607
bus149,16.625501659682055,48.33837438550066
bus150,16.760618075958835,48.467578026888305
bus151,16.762413852138422,48.386134617882085
bus152,16.748128026532036,48.265235632469796
bus153,16.799351116243745,48.222948114682474
bus154,16.785661466616098,48.04803523883924
bus155,15.768528097152668,48.03342403831098
bus156,16.186863400669868,47.84928451739296
bus157,16.247527866979677,48.000884163799235
bus158,16.357580708017345,47.92926435910743
bus159,16.568881854816794,47.978935608059224
bus160,16.61507777975794,48.06507556607005
bus161,16.323939785532747,48.32324759579906
bus162,14.906286724450041,48.103752689319904
bus163,14.906349172293247,48.10369718191502
bus164,15.044815464911585,48.13093846422031
bus165,15.04487590832376,48.1309141470488
bus166,15.133266977414396,48.115083505292176
bus167,15.133289850709598,48.115070460816575
bus168,15.388584380720655,48.188842889827505
bus169,15.388599841695395,48.1888323663885
bus170,15.3909054446077,48.08957297472182
bus171,15.390921199667357,48.089566044790814
bus172,15.654137475377315,48.27233818893757
bus173,15.65415331615757,48.27232859871364
bus174,15.6811669040332,48.39647978742986
bus175,15.651770064134334,48.407716870560165
bus176,15.757223661304032,48.35697826759266
bus177,15.755158161294354,48.35828343169751
bus178,15.755173411141293,48.35827311078649
bus179,15.714002523219,48.285777861978765
bus180,15.714017516354398,48.28576759997341
bus181,15.147132130469487,48.59193324067948
bus182,15.097757966635074,48.8487590923994
bus183,15.633709802928772,48.475542425917546
bus184,15.633725371710355,48.47553294696558
bus185,15.542853507902116,48.777418551190905
bus186,15.880962086687635,48.42782716949525
bus187,15.940941421643279,48.33114725427178
bus188,15.94095522253528,48.33115720803085
bus189,15.956720564344714,48.22458894936357
bus190,15.956734548228313,48.224579440665934
bus191,16.189851695046414,48.39599293639486
bus192,16.189745900473806,48.395918132647544
bus193,16.189760726238692,48.39592824426807
bus194,16.748969757669247,48.62674733045841
bus195,16.746803096616933,48.588154973673454
bus196,16.621444111352627,48.54348265223317
bus197,16.621459620589984,48.54347262835651
bus198,16.619392544963908,48.53479864030257
bus199,16.61940714840837,48.53478905442332
bus200,16.798744337474105,48.222971652255765
bus201,16.79875880632162,48.222961836853464
bus202,16.839295132736467,48.08053627670903
bus203,16.83930070193599,48.08052641395981
bus204,15.76837287447887,48.03346356852088
bus205,15.768466173472454,48.03332884317137
bus206,16.041205436091335,48.000971344731965
bus207,16.041218158695774,48.000979707111426
bus208,16.181014870689538,47.851059214482476
bus209,16.18103007147966,47.851049702438644
bus210,15.932951802300554,47.664138870874844
bus211,16.510255210716576,47.97775422932107
bus212,16.512503650224414,47.97942231555973
bus213,16.608362243014366,47.98665954176029
bus214,16.575350858870213,47.9905808178797
bus215,16.575364769013703,47.99057116944656
bus216,16.619514201000882,48.026451590730524
bus217,16.61952653991414,48.026442582946125
bus218,16.498545678655475,48.14278308728269
bus219,16.510908579426886,48.137899427302926
bus220,16.323819907463914,48.323309408142144
bus221,16.323864907464017,48.323202908141916
bus222,16.99501455084854,47.93790468384439
bus223,16.838173416100364,47.960434046435715
bus224,16.838173416100364,47.960434046435715
bus225,17.02646926683521,48.03913080040202
bus226,16.900625948877252,47.84472309705555
bus227,16.54633838148334,47.84379849873133
bus228,16.452078602944688,47.90515757708783
bus229,16.38300239321195,47.722465639964774
bus230,16.27347300151211,47.80144273201798
bus231,16.420114828863234,47.55693010047376
bus232,16.597740630539136,47.596272792287586
bus233,16.4894968568574,47.49437995487383
bus234,16.12337056759402,47.3614245323382
bus235,16.191512471496864,47.01047628799709
bus236,16.31775198681956,47.07375720679922
bus237,16.128177633414094,46.92884474798864
bus238,16.18276182976024,47.17371959256818
bus239,16.275413327870226,47.25005464005583
bus240,16.275413327870226,47.25005464005583
bus241,16.37610008755561,47.78597785517368
bus242,14.571096567720044,48.10200348789736
bus243,15.218585255641148,48.204997130048554
bus244,15.92469805701067,48.32655949554177
bus245,15.887730134533765,48.327557415088435
bus246,15.88542347229162,48.354238144123165
bus247,15.88542347229162,48.354238144123165
bus248,15.303952586580209,48.222369410508044
bus249,14.571911243909874,48.101772654100536
bus250,14.571923515257977,48.101763460446975
bus251,15.929815572880566,48.33158341692745
bus252,16.290995835777796,48.03389979609901
bus253,16.359589276993724,48.234267035748495
bus254,16.080855366025506,47.42623543185511
bus255,15.999320149768325,47.39126532752454
bus256,15.870656995158004,47.396900178236635
bus257,15.690624413289633,47.34464576451817
bus258,15.631162073351577,47.20686124074365
bus259,15.705346071668473,47.11271545949334
bus260,15.72606998863409,47.091340807880655
bus261,15.725347581004085,47.0907488287868
bus262,16.889452507049324,47.988008418508244
bus263,15.844381893258463,47.11058955127907
bus264,15.97074441187025,47.26450806759468
bus265,16.011464858221558,47.28187525596883
bus266,16.049098756760483,47.24064560094244
bus267,16.061742225412562,47.05180144028721
bus268,15.989213281649182,47.142410032352025
bus269,15.899566282014375,46.950995017604605
bus270,15.90141862865438,46.86196019037317
bus271,15.957298550872881,46.718516584242956
bus272,15.782682399925253,46.73913124148619
bus273,15.621144273563482,46.71624282373249
bus274,15.574435984371672,46.73644950837052
bus275,15.571923176857654,46.74560229510706
bus276,15.584808864721845,46.78513020842713
bus277,15.559586057845674,46.8001507680366
bus278,15.728161228720243,46.883120438782434
bus279,15.565688338784348,46.82797236208591
bus280,15.60186489375335,46.91116322815307
bus281,15.48387658654304,46.90962704319557
bus282,15.422853867972487,46.90335162270728
bus283,15.423314005504645,46.904142549766405
bus284,15.353630889216923,46.85438252039916
bus285,15.226635705367235,46.81809769430473
bus286,15.280882758069323,46.7514349410914
bus287,15.346200725915462,46.95598292711677
bus288,15.418245241407117,47.0343047641974
bus289,15.440964869514652,47.049582920877356
bus290,15.491918637494598,47.016415467738504
bus291,15.469203604975343,47.082690107269634
bus292,15.415967244021731,47.09449060308406
bus293,15.616253306288218,47.12870797455553
bus294,15.330272672978477,47.14433704317691
bus295,15.328238927458523,47.13169209590982
bus296,15.336577098314637,47.18639883339992
bus297,15.322794281994131,47.20557205795896
bus298,15.317295467769236,47.28040781028599
bus299,15.322615081724608,47.292660147988364
bus300,15.333831684951571,47.364860828940685
bus301,15.274127472010278,47.42329708286019
bus302,15.431078365954244,47.49948472883291
bus303,15.413213498942707,47.496232510990474
bus304,15.277329339609558,47.41825360753764
bus305,15.29600756719086,47.44176641279604
bus306,15.49878741586294,47.53432848696891
bus307,15.51590560956428,47.530967192215094
bus308,15.663794874428634,47.58838923899734
bus309,15.208352743004538,47.52090338501971
bus310,14.742582210747107,47.605606282755126
bus311,14.750518065632322,47.650685374635046
bus312,14.906013067039643,47.541809380740006
bus313,15.020592382953739,47.396867426673495
bus314,15.020592382953739,47.396867426673495
bus315,15.051727004046201,47.38787665003215
bus316,15.001623325116354,47.35881973919306
bus317,15.082493703030634,47.372693074425605
bus318,14.842351506712637,47.22089611021184
bus319,14.748077085172303,47.154980270441044
bus320,14.723224253680902,47.174225936056104
bus321,14.726092878203895,47.1811503215128
bus322,14.726092878203895,47.1811503215128
bus323,14.63676523943027,47.17408833165182
bus324,14.590325383158918,47.21408064835387
bus325,14.363422114217625,47.134304321494646
bus326,14.06545098247243,47.108190007675724
bus327,14.689418096056484,47.70364536982757
bus328,14.683560291877095,47.71343780655078
bus329,14.652881069334711,47.73836521570551
bus330,14.469136530446166,47.59285248751279
bus331,14.34845582117996,47.5891046905129
bus332,14.254230212761248,47.56632078441657
bus333,14.207749768040157,47.57449328438049
bus334,14.207749768040157,47.57449328438049
bus335,14.107326742799646,47.49072510181323
bus336,13.949003055568495,47.43408907108532
bus337,13.772588176690913,47.41379679733753
bus338,13.772588176690913,47.41379679733753
bus339,15.419353196183575,47.06569800801778
bus340,15.436535082301274,47.04847378297747
bus341,15.159068706331077,47.01855348057899
bus342,15.134797847945485,47.05578467983875
bus343,13.791468261590122,47.61307132764314
bus344,15.213786817778661,47.41006218703439
bus345,14.464580011656562,47.49459610680408
bus346,14.464580011656562,47.49459610680408
bus347,15.791220890149793,47.137211726561866
bus348,15.61924411323226,46.7223954305996
bus349,15.572403653607973,46.7456400235268
bus350,15.580587389400385,46.78560575408712
bus351,15.560725642178477,46.82543507674946
bus352,15.353191069211519,46.85435093663917
bus353,15.275782428189103,47.06223588400271
bus354,15.275767352840427,47.06224596663968
bus355,15.615598720464549,47.128496986595124
bus356,15.330554173264304,47.1854184081011
bus357,15.323588235650185,47.204952419154196
bus358,15.317427708186369,47.28041643640988
bus359,15.317441963608648,47.28040741764267
bus360,15.332767516776318,47.36487990540342
bus361,15.332754307538554,47.36487052905354
bus362,15.413034276272576,47.49641418406116
bus363,15.171477533511412,47.46753437768837
bus364,15.171489738425372,47.467542656770355
bus365,15.213657243181126,47.409985758422266
bus366,15.213659841281064,47.4099833014684
bus367,14.565817602435557,47.20403928337144
bus368,14.565831304093711,47.20402964531189
bus369,13.944629760051438,47.44305634164307
bus370,13.944643642884937,47.44304729170676
bus371,14.681670710091382,46.66843583589977
bus372,14.681670710091382,46.66843583589977
bus373,14.681670710091382,46.66843583589977
bus374,14.702411149297907,46.629973595092636
bus375,14.172929271763946,46.53585326152192
bus376,14.027944115628754,46.568293002037976
bus377,13.679733347428218,46.5431572201626
bus378,13.327716697020913,46.870932670976046
bus379,13.327716697020913,46.870932670976046
bus380,14.955632300139968,46.633955539657485
bus381,14.935608249691263,46.64333844167838
bus382,14.955988724081593,46.67287074630493
bus383,14.87440112163134,46.65855933713569
bus384,14.837951006972283,46.772065864310825
bus385,14.840240977712703,46.84776410650816
bus386,14.786294580975953,46.97075262128642
bus387,14.784721521386523,46.62850609332662
bus388,14.619118869109297,46.6609090092705
bus389,14.5383871118383,46.84138995111015
bus390,14.525462291022144,46.73271290815112
bus391,14.303320045180511,46.87832881752898
bus392,14.464126627008811,46.86053374260711
bus393,14.374346301467094,46.76133487107769
bus394,14.421094162104078,46.66728185237505
bus395,14.483087302612544,46.55962705260674
bus396,14.479839470346665,46.56199126853663
bus397,14.395752280723613,46.54507979824029
bus398,14.320148825209065,46.605720699086625
bus399,14.298116826333777,46.529188745415226
bus400,14.298881290590515,46.54549137298974
bus401,13.988943742851346,46.57804360930676
bus402,13.89315609812858,46.63163841600243
bus403,14.210234744487549,46.69018453708451
bus404,14.090508411181405,46.71971726255563
bus405,14.0728238599015,46.62252162380789
bus406,13.688134966137264,46.79893473802639
bus407,13.771828714453177,46.810557169049694
bus408,13.47702093694009,46.829945966834735
bus409,13.352733824655607,47.06567745195818
bus410,13.603571625180642,47.0294149605933
bus411,13.312539321770828,46.87237483385633
bus412,13.051954029729782,46.97741188910525
bus413,13.07160760140592,46.86746252565074
bus414,13.109998870958828,46.9339909033185
bus415,13.047071089573834,46.99239904585125
bus416,12.95698554233201,46.99538468455807
bus417,12.967089643879053,46.74207001958067
bus418,13.379900109275479,46.628610630831155
bus419,13.278921477055402,46.617790773694054
bus420,13.070902254532353,46.649119918277805
bus421,13.070902254532353,46.649119918277805
bus422,13.532676614245794,46.58679901316943
bus423,13.833534944227932,46.595126734127454
bus424,13.81714672500153,46.557597462560416
bus425,13.69440340623382,46.56144495622705
bus426,13.876788384554454,46.6171228196768
bus427,13.85963041378804,46.59510560240971
bus428,13.789725270702421,46.65172434818937
bus429,13.592978353241563,46.73979288183822
bus430,13.519446439064918,46.78982824957177
bus431,13.359581087295954,46.83316646561751
bus432,13.250360736962262,46.753735849078524
bus433,13.343318513566192,46.89538881099277
bus434,14.027042624304942,46.56771945962559
bus435,13.989513236777228,46.581478911861275
bus436,14.603347676679643,46.697720508804416
bus437,14.080472001520944,46.65040668600433
bus438,12.97427031351436,46.85997385476261
bus439,13.060318280775979,46.897838747449946
bus440,12.967306775546236,46.74233769449416
bus441,13.509558531655353,46.78083637269355
bus442,13.496745764526194,46.8176415074385
bus443,13.492880974333948,46.81674594718307
bus444,13.081018902550499,48.256042322931336
bus445,13.081018902550499,48.256042322931336
bus446,13.081018902550499,48.256042322931336
bus447,13.009170021602529,48.2435018216593
bus448,13.03600782083509,48.22099599993313
bus449,13.395437046590873,48.34998342723772
bus450,13.4499195949101,48.44788385773176
bus451,13.442941845695533,48.434691601580745
bus452,13.751608379033762,48.489955711898936
bus453,13.993909559643424,48.556289249829966
bus454,13.986703337214529,48.4337440279035
bus455,14.019627950346523,48.385192352320665
bus456,14.15112682262743,48.315030493721196
bus457,14.007460439671645,48.30282660514986
bus458,14.269373462822706,48.24739353908628
bus459,14.269373462822706,48.24739353908628
bus460,14.226257410239667,48.268903968427175
bus461,13.13405157971813,48.12029894672759
bus462,13.231856462719902,47.98781149746245
bus463,12.991626762332777,48.096430753003084
bus464,12.842266543624463,48.02914006038296
bus465,13.10364694466233,48.098952045804886
bus466,13.10364694466233,48.098952045804886
bus467,13.27178516734834,48.19736984603376
bus468,13.51500982883612,48.21064667252779
bus469,13.81881163021708,48.236256850650555
bus470,13.588290035633777,48.01074140135988
bus471,13.38547773588154,47.97840957833737
bus472,13.455781394345612,47.80460582393564
bus473,13.506408135764291,47.72246753786342
bus474,13.596600169822802,47.71728411317825
bus475,13.632798862696012,47.60780185114025
bus476,13.739233045547971,47.78417496007157
bus477,13.785630084108867,47.923435019724415
bus478,13.797528540358648,47.97037091517087
bus479,13.619933357120342,47.98343227227577
bus480,13.658856522414151,47.9917758304736
bus481,13.802167704300821,48.01790013348393
bus482,13.715924400169095,47.98682676824371
bus483,13.813669839958605,47.9814286440179
bus484,13.800193820497721,47.99712906800064
bus485,13.906050625102894,48.00459043525983
bus486,13.899895994028569,48.10347491891516
bus487,13.89976474091849,48.10431488777262
bus488,14.052108379863332,48.08325150069962
bus489,14.163335147637289,47.82136996165244
bus490,14.163335147637289,47.82136996165244
bus491,14.330043918902959,47.6782941088341
bus492,14.11344890797386,47.90774494798688
bus493,14.123505158821061,48.03986885856499
bus494,14.004970209665247,48.18400107228333
bus495,14.006813363710362,48.15205608478994
bus496,14.00820773014356,48.16895786511966
bus497,14.099612275422325,48.173120589443485
bus498,14.075812678482697,48.170078407583645
bus499,14.059601073562078,48.16518987199318
bus500,14.223899329720737,48.20474985607509
bus501,14.252483741772451,48.1843452834316
bus502,14.243899545403384,48.21855579765409
bus503,14.320147100778346,48.249894038664955
bus504,14.299150864342046,48.242228721321815
bus505,14.34218293958629,48.26690177022788
bus506,14.34218293958629,48.26690177022788
bus507,14.376484276992477,48.25657016086998
bus508,14.376484276992477,48.25657016086998
bus509,14.322632426178272,48.30064187319091
bus510,14.30100953508889,48.32477177100102
bus511,14.428164082850857,48.247186127546705
bus512,14.494921931842429,48.23511328253172
bus513,14.531889460308175,48.22440089876983
bus514,14.420107276017081,48.21214250672935
bus515,14.695095895815248,48.16417041138262
bus516,14.695095895815248,48.16417041138262
bus517,14.76030609160567,48.205573066629015
bus518,14.538949796816722,48.24076455136572
bus519,14.49993824241171,48.35969457348522
bus520,14.496986401934143,48.496553743318856
bus521,14.468542085695471,48.09876829401559
bus522,14.469250133692697,48.11649868220835
bus523,14.469250133692697,48.11649868220835
bus524,14.469250133692697,48.11649868220835
bus525,14.422945645110177,48.068406141444875
bus526,14.454169040965313,48.04708410800354
bus527,14.207049103307963,48.048980695957
bus528,14.43898394276708,48.04303666084133
bus529,14.377979951846347,47.993771386630826
bus530,14.353059593535107,47.942091378052396
bus531,14.433853222812322,47.92322370149678
bus532,14.517670050022884,47.89217472959554
bus533,14.63865625732391,47.84849835713923
bus534,14.650064527662694,47.775402927272715
bus535,13.589857188008224,47.70716343929211
bus536,14.53546861694779,48.23255865148558
bus537,14.631431997373868,47.84710158056227
bus538,14.651479040924935,47.774717865073626
bus539,14.651494039663298,47.774707619780024
bus540,12.230250957465856,47.24392184118588
bus541,12.471860917050648,47.27838841197727
bus542,12.583404267396341,47.27846471522966
bus543,12.583404267396341,47.27846471522966
bus544,12.592517604724774,47.37349321636094
bus545,12.742334434954163,47.25854970243491
bus546,12.742334434954163,47.25854970243491
bus547,12.73934501696903,47.27781898593692
bus548,12.73934501696903,47.27781898593692
bus549,12.721766790328079,47.200159845069926
bus550,12.811942949968888,47.285492782366155
bus551,12.816874139503144,47.34792425749508
bus552,12.818345324135525,47.490891431212056
bus553,13.138833937846188,47.31540999957583
bus554,13.062465784397219,47.06639415051308
bus555,13.114620208147265,47.08655061723576
bus556,13.106598554456362,47.15102168974585
bus557,13.210728241487203,47.37992964895277
bus558,13.210728241487203,47.37992964895277
bus559,13.210728241487203,47.37992964895277
bus560,12.878158686129181,47.4218240420092
bus561,13.384852638445185,47.36465637273193
bus562,13.621527956165348,47.09426977844714
bus563,13.180099161226154,47.59120006676532
bus564,13.082740250239826,47.706507087041516
bus565,13.060098674793025,47.71471779079758
bus566,13.036161131052598,47.7509851247215
bus567,13.027840238199907,47.8332623754553
bus568,12.993624508016579,47.82876700997056
bus569,13.029813956045672,47.830860789782896
bus570,13.066808147827587,47.888108995042735
bus571,13.066808147827587,47.888108995042735
bus572,13.066808147827587,47.888108995042735
bus573,13.119123653338729,47.89090446722535
bus574,12.954875251396752,47.9533178581599
bus575,13.006432673505914,47.87406643108496
bus576,10.179468189460788,47.13800950482162
bus577,9.810785914764287,47.142771245896384
bus578,9.810785914764287,47.142771245896384
bus579,9.810785914764287,47.142771245896384
bus580,9.873751314810239,47.073142942711314
bus581,9.8743596296656,47.0848949927789
bus582,10.055631778399484,46.96917968908158
bus583,9.91649110322486,47.0688050981686
bus584,10.043009589598885,46.97441783480873
bus585,9.58453039838452,47.25209577360795
bus586,9.64278198549339,47.222046072416305
bus587,9.589549898301085,47.23274774502922
bus588,9.713274588556507,47.19126153019232
bus589,9.816346703471677,47.1516138245686
bus590,9.615428526643353,47.279903976853
bus591,9.591666839928134,47.31233999251415
bus592,9.629551332617584,47.33434150019287
bus593,9.668738197396447,47.36648888304877
bus594,9.674824813835482,47.43496024555337
bus595,9.748600387189535,47.432894321565975
bus596,9.877586063476448,47.40148561673685
bus597,9.852820180335076,47.47197299941759
bus598,9.737144769621054,47.487012483746035
bus599,9.693343854856899,47.4803956833094
bus600,9.657466409599879,47.463368087838425
bus601,15.485586135369749,46.908396478952255
bus602,15.474346521875011,47.019508138895254
bus603,15.475939038259263,47.01539320343083
bus604,15.271754519755628,47.44550544234527
bus605,15.279561472200772,47.4436139710026
bus606,15.47910602301154,47.04354765455601
bus607,15.479107216882667,47.04353711766154
bus608,14.750006225437321,47.611275701515865
bus609,15.39981538594616,47.00123665866661
bus610,15.43414768842757,47.07696285284163
bus611,14.321071752600334,46.60701769335479
bus612,14.28088850559386,46.61143174119902
bus613,14.308158492004459,46.6298947892645
bus614,13.856231609682684,46.59557817273649
bus615,16.902317162091496,47.97142617031835
bus616,14.26689667522337,48.24609976750589
bus617,14.300475449520846,48.29727169189941
bus618,14.324287316656697,48.29220918768634
bus619,14.286061632771366,48.29167987878238
bus620,15.219607782074796,48.19901338590146
bus621,15.219621357607005,48.19900393601127
bus622,15.442358452816052,48.59269210566049
bus623,15.444997922104381,48.58654290253711
bus624,12.735172703089,47.2713123838217
bus625,12.895845243636451,47.41148596561607
bus626,12.7193055988823,47.197127807225755
bus627,13.464960362973255,47.11093857051582
bus628,13.210290313101217,47.3784633435372
bus629,13.038252489243664,47.80900573772613
bus630,13.426394320185539,47.53881534389079
bus631,12.993651199834984,47.828825207397365
bus632,13.063916261470894,47.884159469656524
bus633,13.063930376276412,47.88414985746855
bus634,9.880929044652301,47.08450247930004
bus635,9.880929044652301,47.08450247930004
bus636,10.043127228363657,46.97574212347847
bus637,10.057887914382656,46.971399709019515
bus638,9.744799966895755,47.42218985713109
bus639,9.864077221571566,47.47019726720687
bus640,9.748994974949687,47.542711377380726
bus641,9.720521060423769,47.49486636766169
bus642,10.042999866740686,46.97457782325944
bus643,10.043013879260842,46.9745869107682
bus644,9.73733234313873,47.486679863263944
bus645,10.312649716292057,47.144973765772995
bus646,10.49841488477077,47.119061288117784
bus647,10.564120410468854,47.14305617815452
bus648,10.665386545454645,47.06941825989235
bus649,10.665386545454645,47.06941825989235
bus650,10.719981030237024,47.211802020103
bus651,10.868727071975096,47.24296865635591
bus652,11.0128406160428,46.982695687777266
bus653,11.057002702867093,47.29271863588563
bus654,11.21463464125876,47.27923897351564
bus655,10.890909781894441,47.3766713319616
bus656,9.71687313012945,47.432479176992004
bus657,9.71687313012945,47.432479176992004
bus658,10.748467414912033,47.49365001779984
bus659,11.393555724988367,47.25239810539329
bus660,11.312792561600327,47.25872365772763
bus661,11.392439050656442,47.23641025519454
bus662,11.392439050656442,47.23641025519454
bus663,11.342023687133572,47.13729652826332
bus664,11.473408247698844,47.08349193284098
bus665,11.449228132415062,47.14630129327624
bus666,11.428824530708509,47.27161386112974
bus667,11.40177975910285,47.2787223568941
bus668,11.39712995204697,47.26250661190818
bus669,10.87238296737462,47.245383373356006
bus670,10.87238296737462,47.245383373356006
bus671,10.87238296737462,47.245383373356006
bus672,10.966227108724016,47.269595906170366
bus673,10.966227108724016,47.269595906170366
bus674,11.005813468531183,47.20786130330916
bus675,11.471381272092657,47.27293912340438
bus676,11.471381272092657,47.27293912340438
bus677,11.498240413091953,47.2748059408607
bus678,11.59519333948862,47.29892868644545
bus679,11.700621183006522,47.3523769867947
bus680,11.757527498048843,47.38903840715809
bus681,11.897310566307391,47.233276472100805
bus682,11.897310566307391,47.233276472100805
bus683,11.898810969506561,47.23307347141857
bus684,11.860211198221915,47.356452892172435
bus685,12.05842712439525,47.23552372457302
bus686,11.833657987021589,47.15212852803913
bus687,11.85094003906885,47.16263862095032
bus688,11.967222286265415,47.146460452808064
bus689,11.77863024929215,47.08550357807952
bus690,12.076289423040482,47.52239550417257
bus691,12.076289423040482,47.52239550417257
bus692,11.83870932822724,47.3924223762774
bus693,11.974789473500197,47.46736985496028
bus694,11.865232653496276,47.43392084040531
bus695,12.087132651567899,47.515122084795735
bus696,12.146508388301728,47.457371481712784
bus697,12.275638483793827,47.458257025369036
bus698,12.389685219764408,47.45652559716763
bus699,12.418723278810505,47.5159144703867
bus700,12.630820768297786,47.470778438037
bus701,12.268377555276672,47.52530238997836
bus702,12.137950589836084,47.56060898238867
bus703,12.147740014890674,47.57882122351847
bus704,12.257737661830511,47.64510355612364
bus705,12.2008875914799,47.64102399872424
bus706,12.805408342918222,46.825086265813
bus707,12.805408342918222,46.825086265813
bus708,12.805408342918222,46.825086265813
bus709,12.8190183891337,46.8285672885611
bus710,12.433638651231785,46.747676932053494
bus711,12.749870542809406,46.80188704203261
bus712,12.601092003867578,46.92297478187342
bus713,12.591533103050542,46.92356994248598
bus714,12.54783446783339,46.97875223469435
bus715,12.54783446783339,46.97875223469435
bus716,12.516361015382376,47.035594449177765
bus717,11.391786170421128,47.23732741404146
bus718,11.391786170421128,47.23732741404146
bus719,11.391800840123862,47.23731741327544
bus720,11.391800840123862,47.23731741327544
bus721,10.562469017757719,47.1456473607384
bus722,10.562483110910248,47.14563811308946
bus723,11.056746425938233,47.29274034845868
bus724,11.056760925373148,47.29273094700555
bus725,11.3126052416139,47.258842124921905
bus726,11.312619240762832,47.25885216523768
bus727,11.595265749031029,47.29858291792152
bus728,11.595281337665293,47.29859213078178
bus729,11.700194657587893,47.352416243011156
bus730,11.700209573786038,47.35242645124794
bus731,11.860494314635869,47.356463914855745
bus732,11.860509076998625,47.356453907048845
bus733,12.138773481100216,47.45685237701583
bus734,12.138788013248918,47.45686129880773
bus735,12.271232127334118,47.47023669633763
bus736,12.271246370433365,47.47024631217718
bus737,12.547597630084173,46.978657565023525
bus738,16.420429896916474,48.126094386916705
bus739,16.37154652477408,48.223653782328554
bus740,16.458676642175995,48.19507471354091
bus741,16.42075829662809,48.27205920115645
bus742,16.427843153442694,48.26768115059263
bus743,16.304634754130838,48.192299402257774
bus744,16.41176212456143,48.21544863973368
bus745,14.029153454309474,48.161530090539344
bus746,14.331094491027214,48.288204786722254
bus747,14.34749342828381,48.267242589711266
bus748,14.345215907901673,48.27693492407928
bus749,14.342157348057517,48.28355046103483
bus750,15.585866205797501,48.598217308800024
bus751,13.211737127319093,47.820411414265514
bus752,13.522202899995818,47.14494390433877
bus753,11.394484367296563,47.25369872009896
bus754,11.832477034372314,47.15176829818491
bus755,11.83354856053689,47.152157489466305
bus756,11.833538763071596,47.1521032293986
bus757,12.539050024404755,46.99097757057807
bus758,14.336863791093755,46.627332129372704
bus759,12.3722891883287,48.00238508713644
bus760,12.372304442385209,48.002376365729475
bus761,12.137435992337496,47.718309923371784
bus762,12.137449251751042,47.71831951629302
bus763,12.811583431173903,48.182329115825034
bus764,12.890754429479351,48.217725058147614
bus765,12.794289099325747,48.252434308295015
bus766,13.16360452497861,48.29484041990586
bus767,13.349446785849963,48.53202639375559
bus768,13.59821235259074,48.59599614440259
bus769,15.487438590325691,46.91544397947861
bus770,15.48742184538804,46.91543315251148
bus771,15.709579217577227,48.39504431913831
bus772,16.746817663021588,48.588145895640345
bus773,16.89411627308501,47.987754924595826
bus774,11.455326286579005,47.14720225907931
bus775,9.874106759626994,47.07293742131363
bus776,9.874329415378094,47.08499369945765
bus777,12.638017968836488,47.143373081848985
bus778,15.003629206883776,46.87962384748189
bus779,14.316615236893655,48.49547318794735
bus780,14.488923717087488,48.53351911580546
bus781,14.27642433435182,48.27718371553244
bus782,14.276331981178842,48.31132245939008
bus783,14.303527799016873,48.31124456946175
bus784,14.308281882460768,48.282224269233616
bus785,14.744218995149984,48.341473068181685
bus786,13.987279753385598,47.92304481599721
bus787,13.646239627710791,48.36009125643693
bus788,13.559910219050815,48.21854997229102
bus789,9.713901918999102,47.4318012641578
bus790,14.247148232828279,47.903425907360976
bus791,13.559910219050815,48.21854997229102
bus792,14.518639636118083,48.233545994285016
bus793,14.164392871317911,48.20837350802831
bus794,13.66156937361443,48.211128270014896
bus795,13.765192607964588,47.81486431596678
bus796,13.506639361909404,47.94518635182974
bus797,16.095161350162797,47.89551155919341
bus798,16.095730836734546,47.89246085913507
bus799,9.873519830411693,47.08763159926424
bus800,15.970616559385823,47.216456084884825
bus801,10.505596044965184,46.85858629768243
bus802,10.505596044965184,46.85858629768243
bus803,14.324760211431398,48.32418199985491
bus804,14.079684473270326,48.34964447468488
bus805,13.828204375418215,46.55313488645406
bus806,13.828204375418215,46.55313488645406
bus807,16.089988229217983,48.74878010597348
bus808,16.805502591858485,48.71254900196628
bus809,17.102139933969593,47.90876449654305
bus810,17.102127407501968,47.90875507572524
bus811,15.65093837434983,46.69106397105638
bus812,14.836262087504947,46.563739228495955
bus813,12.559292139069562,46.654967655983796
bus814,10.658321851004686,47.55923283397686
bus815,10.658306544961544,47.5592326231547
bus816,10.469537532182022,46.86598186966894
bus817,9.871037508152503,47.533528029677086
bus818,13.056934305023095,48.267574463543674
bus819,13.056947855588518,48.26758363487797
bus820,13.058817467023795,48.26797662316608
bus821,13.058830886979383,48.26798552864672
bus822,11.498824323593338,47.00747390719366
bus823,10.50432898926278,46.84782609788866
bus824,17.110703038649824,47.92060497727093
bus825,11.265628297921474,47.40125528520467
bus826,9.774562808727683,47.593341611685574
bus827,9.774548274123134,47.59333255279407
bus828,9.564058602409347,47.304300948977634
bus829,16.99501455084854,47.93790468384439
bus830,16.436862529265237,47.81921937593728
bus831,16.86058683019932,48.02080569179832
bus832,16.94044998843988,47.737671091698985
bus833,9.914902508778487,47.58929568541784
bus834,9.866391860444613,47.59200858929172
bus835,9.72064076546179,47.55239144100368
bus836,15.487041034389287,46.912133877177304
bus837,12.92780204271511,47.7739545968463
bus838,12.13321335064075,47.74471766109528
bus839,12.136240188405111,47.717234399684706
bus840,12.194786947874817,47.61207171333499
bus841,12.15491008543958,47.837237965416676
bus842,12.400327912252639,47.99867794863197
bus843,12.587718828784725,48.24789939650479
bus844,12.690360744100818,48.248748973604975
bus845,13.002650271816828,48.26207289162275
bus846,12.832382714045693,48.19843632801982
bus847,12.747504690955813,48.14870638938879
bus848,12.739330499409158,48.180299376759784
bus849,12.829910098815628,48.183032617622345
bus850,12.790288726247365,48.259841455403276
bus851,12.864442495775098,48.24789247051235
bus852,13.160023900829673,48.29151945059904
bus853,13.319406300869696,48.32052717121927
bus854,13.33102676479971,48.36886780735901
bus855,13.330495481012536,48.42176539538091
bus856,13.433317890568645,48.55390492152458
bus857,13.35034651846475,48.53160462857162
bus858,13.40965879628058,48.58118169863203
bus859,13.499121346004221,48.59100264649422
bus860,13.632913335658715,48.639060798990734
bus861,13.71091496685662,48.51950419848082
bus862,12.90248366080273,47.747498235021105
bus863,10.653629495639013,47.56801577070931
bus864,9.525715629137679,47.203868266558594
bus865,9.622023838806628,47.303936211574545
bus866,9.713918569578125,47.43180291852369
bus867,9.669829440944802,47.19888829292566
bus868,13.208722749014479,48.36333206977713
bus869,14.41188502037516,48.01759442820396
bus870,15.241510446834022,48.47372819361785
bus871,15.091377186414443,46.98735575886836
bus872,15.065691639211758,48.18926409524071
bus873,15.491879225256959,46.9087266205847
bus874,15.491879225256959,46.9087266205847
bus875,9.591666839928134,47.31233999251415
bus876,17.04228251176385,47.81614885008951
bus877,16.99501455084854,47.93790468384439
bus878,13.893539920875714,46.63174811153628
bus879,16.372025291639506,47.98701387219604
bus880,16.372025291639506,47.98701387219604
bus881,16.38300239321195,47.722465639964774
bus882,10.665386545454645,47.06941825989235
bus883,16.760618075958835,48.467578026888305
bus884,16.561558266460132,48.274212479368
bus885,16.561558266460132,48.274212479368
bus886,11.83870932822724,47.3924223762774
bus887,11.897310566307391,47.233276472100805
bus888,11.85094003906885,47.16263862095032
bus889,13.029813956045672,47.830860789782896
bus890,15.422853867972487,46.90335162270728
bus891,15.72606998863409,47.091340807880655
bus892,15.737270614694681,48.26876549668046
bus893,15.917854422480199,48.32468663676302
bus894,13.71091496685662,48.51950419848082
bus895,9.91649110322486,47.0688050981686
bus896,16.27612536910598,47.25096840853049
bus898,11.057002702867093,47.29271863588563
bus899,13.4499195949101,48.44788385773176
bus900,14.298116826333777,46.529188745415226
bus901,14.027042624304942,46.56771945962559
bus902,13.828313670488598,46.55277099802414
bus903,13.828313670488598,46.55277099802414
bus904,16.27612536910598,47.25096840853049
bus905,13.47702093694009,46.829945966834735
bus906,16.205767489701184,48.39343435206354
bus907,15.66351359398324,47.58558145958756
bus908,15.66351359398324,47.58558145958756
bus909,15.51590560956428,47.530967192215094
bus910,9.64278198549339,47.222046072416305
bus911,14.308281882460768,48.282224269233616
bus912,12.559292139069562,46.654967655983796
bus913,13.89976474091849,48.10431488777262
bus914,10.505596044965184,46.85858629768243
bus915,14.052108379863332,48.08325150069962
bus916,14.330043918902959,47.6782941088341
bus917,14.2470189681855,47.90341900766968
bus918,14.2470189681855,47.90341900766968
bus919,13.679733347428218,46.5431572201626
