Bus,x,y
AT17-380,15.75356160000001,47.03522759207177
AT18-220,10.06077299999999,46.93462749200565
AT19-220,13.34330582737483,46.89540874681433
AT20-220,14.1721583,46.54846409174725
BA1-220,16.678952700000007,44.93118399058617
BA16-220,17.675840749794148,43.74706228969273
BA17-220,17.68831679989812,43.72362853969139
BA18-220,17.754869598202273,43.660186909128925
BA19-220,17.720387834118576,43.58775827399669
BA2-400,17.160075300000006,44.85934929053172
BA20-220,17.337784600000006,43.4507207894146
BA21-220,17.849607700993605,43.44910408973016
BA22-220,17.82196444854754,43.28267393989478
BA23-220,17.800559444681674,43.28121787093424
BA25-220,17.803684349659637,43.01231168920064
BA3-220,15.880297399999996,44.82940889050892
BA6-220,17.962361357541017,44.19172867704639
CH14-220,7.64867862873702,47.09248033101623
CH14-380,7.64894912036779,47.09267724503219
CH15-220,8.226235799999998,47.07525139209797
CH16-380,9.102885400000002,46.99866639204784
CH17-380,9.480653222217464,46.94826490077518
CH18-220,8.986202173368362,46.8814535745526
CH18-380,8.986476531960689,46.8816471536762
CH19-220,8.093261700000006,46.81011519192313
CH20-220,8.129042299999997,46.78897599190908
CH21-220,9.401878900000003,46.78628529190726
CH22-220,9.563242994381405,46.66448012540763
CH22-380,9.563518331164898,46.664672258112745
CH23-220,8.593162875347948,46.65543434696665
CH24-220,8.5784507,46.649952591815854
CH25-220,8.300573326013273,46.64490691155125
CH26-220,8.553275959953941,46.62345494349903
CH27-220,8.307465191938903,46.61827936537701
CH28-220,8.561304500000007,46.612461191790615
CH29-220,9.61142265835349,46.58193762850617
CH29-380,9.61169774316021,46.58212964674907
CH30-380,9.917665999999992,46.56862939176091
CH32-220,8.94427739999999,46.53467799173789
CH33-380,9.885643100000005,46.52612579173206
CH34-220,8.315100142930977,46.49789837986062
CH34-380,8.31537010459449,46.498093686763454
CH35-220,8.473317399999997,46.48875169170661
CH36-220,8.345911817931027,46.48402295338908
CH37-380,9.91567050000001,46.48232639170228
CH38-220,8.412662400000002,46.4773330916989
CH39-220,8.377911700000002,46.47354669169631
CH40-220,8.452100799999993,46.46114219168781
CH41-380,9.217223699999993,46.42086779166025
CH42-220,8.646432700000005,46.41078269165339
CH43-220,7.285690599999993,46.379313191631766
CH44-220,7.295270499999999,46.352076391613046
CH45-220,9.515274700000008,46.335742191601824
CH46-220,8.009960118485868,46.33259394514109
CH47-220,7.909083200000005,46.300225691577296
CH48-225,6.8250681999999925,46.26525589155308
CH49-225,6.850324000000004,46.25861799154848
CH50-220,9.015880900000004,46.24290219153763
CH53-225,6.982624699999996,46.22439339152478
CH56-220,8.849396000001034,46.19414814150638
CH58-220,8.897810300091468,46.17382314164367
CH59-220,8.718542699932085,46.13298699147927
CH60-225,7.069441251777646,46.11936758052711
FR186-225,7.490782099999995,43.81451528971186
FR194-225,6.876099097471328,43.60829794053216
HR1-220,16.35844589999999,45.35731309090436
HR2-220,15.032780799999996,45.01686579065087
HR3-220,15.0984209,44.97969419062283
HR4-220,16.783384400000003,43.672951889596895
HU13-400,16.527067900000002,46.51951819172759
IT1-220,10.712113800000004,46.62116209179647
IT10-220,10.090247799999991,46.11484179144843
IT100-220,11.366105799999994,44.26636269007261
IT101-220,8.359481100000005,44.25046909006012
IT102-380,7.42326665542888,44.24868437231142
IT103-220,10.02766900000001,44.14617748997758
IT104-220,8.174941200000003,44.04043418989338
IT105-220,8.163754600000004,44.031153989886
IT106-220,8.087569999999998,43.97425118984045
IT107-220,8.069055200000003,43.9643321898325
IT108-220,8.058406500000002,43.958011689827416
IT109-220,8.042262199999998,43.94416248981635
IT11-220,11.045702199999996,46.0896590914308
IT110-220,7.867453900000002,43.87191318975819
IT111-220,7.850084899999998,43.87138878975775
IT112-220,7.818751799999999,43.86756038975464
IT113-220,7.793982100000004,43.86206248975023
IT115-220,10.916762848295932,43.2622630396026
IT116-220,10.8905729,43.23477558923537
IT117-220,13.474438299999994,42.85228058891289
IT118-380,13.4627135,42.84781748890908
IT119-380,12.715949700000008,42.62699128871999
IT12-220,13.303232700137126,46.08230774144818
IT120-380,14.120458623496168,42.33906929924513
IT121-380,14.1224002,42.32590438845883
IT122-380,12.446948299999995,42.181354888332095
IT123-380,12.523717649009772,42.05131665456088
IT124-380,15.4846216,41.46733458769393
IT125-380,14.839435699999989,41.17050178742284
IT126-220,14.3558166,41.04047358730304
IT127-380,15.665397096561373,41.02495150182229
IT128-220,14.3985245,40.96788888723591
IT129-220,14.358549700000005,40.84959328712608
IT13-380,8.733936492746906,46.069639712168495
IT130-220,14.771347100000009,40.70849808699448
IT131-380,8.571038999999997,40.606248386898656
IT132-380,8.58729550000001,40.59562758688867
IT133-220,17.496454450073905,40.59018063860866
IT134-380,16.267745699999992,40.51859728681619
IT135-220,16.02605061539139,39.96450862553312
IT136-380,16.200523799999992,39.78843718611972
IT137-220,16.339307999999996,39.64663688598248
IT138-380,15.787626399999994,38.2331469845853
IT139-380,15.799277299999988,38.22986968458198
IT14-220,9.537790699999997,46.06490619141335
IT140-380,15.5658283,38.21587538456789
IT141-380,15.0630771,37.28093388361947
IT142-380,14.737804400000003,37.23905998357661
IT143-380,14.71281,37.20020358353686
IT15-220,10.04736893935458,46.06071718818427
IT16-220,10.0272589,46.04869699140202
IT17-220,11.117751266854794,46.04304255437799
IT18-220,11.934609286179,46.031943946794826
IT19-380,13.133622899999994,46.01509979137839
IT2-220,11.362168000000004,46.4624827916887
IT20-220,9.457166899999995,45.99948179136737
IT21-380,13.139046500000005,45.9970519913656
IT23-380,10.3424642,45.96671759134422
IT24-380,10.337493300000002,45.954820491335816
IT25-380,10.339536100000007,45.93861179132429
IT26-380,10.346253320381155,45.92586644468105
IT27-220,10.843612532641258,45.92424948856539
IT28-380,10.352798499999992,45.91344399130646
IT29-220,12.680951387650238,45.91107665184399
IT3-380,9.298394199999995,46.32203769159238
IT30-220,10.875148970159469,45.89984591604834
IT31-220,12.711471800000004,45.89403179129267
IT33-220,12.391608900000003,45.86415929127141
IT34-380,13.236171299999995,45.85107289126213
IT36-220,12.495938474272268,45.809953426816165
IT38-220,12.432157100000005,45.79707759122357
IT39-220,13.572690900000008,45.7968863912234
IT4-380,9.313391500000003,46.313551291586485
IT42-220,10.990147364000991,45.75679478756164
IT43-380,9.3280345,45.74228939118432
IT44-380,10.3080123,45.73775769118102
IT45-380,10.302113799999995,45.728144891174125
IT46-220,10.645283999999991,45.72278559117034
IT47-220,7.658080000000003,45.70706609115896
IT48-220,11.714181499999995,45.70584739115809
IT49-220,10.6133311,45.693153091149
IT5-220,8.362882899999995,46.29442459157332
IT50-220,8.61731389999999,45.689449591146285
IT51-380,10.30333369999999,45.678928091138765
IT52-220,8.586256200000003,45.669451091131904
IT53-220,11.727662200000012,45.66735979113038
IT54-380,10.300931699999987,45.66456879112838
IT55-380,11.539546581972468,45.651855017644905
IT56-380,10.2986503,45.65148009111895
IT57-380,10.2906483,45.6412330911115
IT58-220,12.27900629999999,45.62482189109963
IT59-220,12.295101200000005,45.61409559109186
IT6-220,13.11011615730354,46.23906282424775
IT60-380,7.431342179584443,45.60280689026981
IT60-400,7.431604620881873,45.60300448281468
IT61-380,7.444784168928321,45.59708130651567
IT61-400,7.445046631537918,45.59727886655647
IT62-380,12.244538930646057,45.58803261089262
IT63-220,9.45659689999999,45.57691649106495
IT64-220,11.48841476541037,45.56737525582518
IT65-220,9.322796988323896,45.563170907374925
IT66-220,8.765184654879373,45.523561891842654
IT67-220,9.096364400000004,45.49401539100456
IT68-220,8.627157700000001,45.49219009100329
IT69-220,9.322134729213673,45.48918929670247
IT7-220,12.273469100000009,46.16637769148439
IT70-220,12.144294100000002,45.46902669098629
IT71-220,12.22154481509801,45.45826761932893
IT72-220,10.7406771,45.43368279096045
IT73-380,11.32017506750274,45.41524934338435
IT74-220,8.187821500000005,45.41133099094405
IT75-220,10.697889999999996,45.40437319093898
IT76-220,11.0348544,45.39132539092937
IT77-380,7.490253900000004,45.18555729077716
IT78-380,7.481823899999997,45.17070879076609
IT79-380,7.0262539,45.159572690757805
IT8-220,11.128959799999992,46.15470609147626
IT80-220,7.7563683,45.14293949074533
IT81-220,7.744014499999995,45.13629479074045
IT82-220,7.7648213,45.11465099072423
IT83-220,7.544154699999998,45.10941249072032
IT84-220,10.93754510000001,45.10933009072022
IT85-220,7.628519100000002,45.093055590708026
IT86-220,9.479076400000007,45.036989590666025
IT87-220,7.5850915,45.01205779064725
IT88-220,7.620314599989959,44.99216173618192
IT89-220,7.7153204,44.98835389062939
IT9-220,10.087815799999994,46.12787269145751
IT90-220,11.565994699999996,44.8876859905532
IT91-220,7.742399700000009,44.882363990549166
IT92-380,10.302087876014962,44.76169674439218
IT93-380,10.236346727975077,44.75263377842566
IT94-380,10.948531800000003,44.58227999031925
IT95-220,8.673947206433589,44.42379876026464
IT96-220,9.324045100000005,44.417294990191
IT97-220,8.645069400000002,44.41556109018966
IT98-220,8.614784399999998,44.4067870901828
IT99-220,8.389808099999998,44.2724375900774
SI1-400,15.742280900000008,46.38149169163329
SI2-220,14.506468600000003,46.128015091457655
SI3-220,13.578760954290248,45.81364343366357
relation/13020240-220,12.478217709550623,41.868122336513856
relation/1377432-220,10.881594395287683,45.88305809414192
relation/13844905-220,14.12908496797304,42.403657736221255
relation/13844905-380,14.129295761345425,42.4034830012244
relation/17467354-380,12.326714435541458,41.87697093400848
relation/5378910-220,7.190494851545711,46.97438844463531
relation/6277789-220,10.263510798933572,45.57900386833113
relation/6277789-380,10.263783114831904,45.57919432959302
relation/6301099-220,10.954681122203286,46.52732196500187
relation/7837848-220,10.51200117064795,46.00710888934788
relation/7933294-380,10.332156238823757,46.80495634467607
relation/8840420-220,14.29517600791474,40.86120610604475
way/100113593-380,10.60324924102487,42.95847581127709
way/100253768-380,10.69615529009575,43.05180355974393
way/100407576-220,12.245464365750832,45.42934437845401
way/100407576-380,12.245742718915633,45.4295296814276
way/100602290-220,10.665309720433424,47.06941061053449
way/100662075-220,8.76745186600958,46.67529483003962
way/100952845-220,8.88440490617426,44.70505835780048
way/100952845-380,8.88466826259734,44.70525243909971
way/101346507-220,8.767986053870118,44.76591476013532
way/101346508-220,8.761426382278378,44.77548075615582
way/102185356-220,7.208626196784953,45.43990844150177
way/102185362-220,7.192826268834185,45.70095185939461
way/102287716-220,7.904079627171058,45.184942375909536
way/102287716-380,7.904341799076413,45.18513884639022
way/102675884-220,7.142062347776412,45.70642903026354
way/103007030-220,7.592292553145251,45.74371886736144
way/103007085-220,7.667230639231112,45.71977990747498
way/103127417-220,7.333228172356326,45.824923355851325
way/103264820-220,8.877037790301012,45.47344611112037
way/103306951-380,16.68442447660611,40.73117558941368
way/103381531-220,17.3202622435284,40.531042363975736
way/103381531-380,17.32053266255561,40.53121480308309
way/103418587-220,8.325753224450034,46.242515767127614
way/103549584-220,11.439426407427698,46.05568378134619
way/103653565-220,9.314871329605271,44.37006490942943
way/103653567-220,7.629670376833333,43.82792556379145
way/103653567-225,7.629925523023667,43.82812288020728
way/103653591-220,8.428556868456633,44.27625902865617
way/103653591-380,8.428816708094367,44.27645430720542
way/103725268-220,7.710075236624536,45.10255842713754
way/103725446-220,7.737348853937409,45.12620266687428
way/103974940-380,7.749990534009258,45.16358928489405
way/103974946-220,7.737643459686783,44.85942728712477
way/104114052-220,8.259255785333869,46.04830949252275
way/104239286-220,8.381040900246052,44.65691127712437
way/104239342-220,8.050723922812562,45.19874490758433
way/104239352-380,8.193034660107958,45.23872543419609
way/104321356-220,16.54496467665937,40.41713625027364
way/104359058-380,7.391595161943041,44.22849646213833
way/1047447425-220,10.506485867578098,46.85873678447913
way/105062415-220,7.571158920045154,45.09807451111375
way/105141307-220,7.623048770151266,45.02858789309629
way/105141350-220,7.583108750207026,45.043283480191256
way/105141365-220,7.935630633718297,45.23192542730615
way/105141365-380,7.935870285070519,45.23176451437457
way/105141365-400,7.935947335412417,45.23199226090696
way/105153431-220,7.725279766764836,45.2065074941325
way/105153431-380,7.725541408413269,45.20670440475536
way/1051991398-220,7.673602547974175,44.99275449922136
way/105462289-220,8.42415494155227,46.37951114316963
way/105757794-220,9.884120967799058,44.1068896718317
way/105757794-380,9.884384950205437,44.10708130358727
way/105757795-220,8.177414141075822,44.07482518663451
way/105801489-220,11.396772415372256,46.49408589687052
way/105827045-220,11.356422006990709,46.51317235797532
way/105894370-400,15.514489614499263,45.94075832059594
way/1063258951-220,15.053325130998928,46.37184416819778
way/1063258951-400,15.053618037255632,46.37202172651672
way/107204719-220,9.409989748738443,45.329291943684616
way/107438024-380,9.493825574191732,45.08654411127404
way/107681459-380,10.487182637759611,43.55111112861163
way/107683818-380,10.698226011119706,43.83890309846502
way/108020416-220,16.027495160815164,39.9896406397286
way/108020416-380,16.027759598542385,39.98981680018001
way/108050523-220,12.597450214299087,41.951455001218456
way/1086214433-220,8.323133725839755,46.592025463687065
way/1092884227-220,8.52874720137093,46.41051401242827
way/109588422-380,16.60657818888307,39.61892849742003
way/109756016-380,17.036543998824467,39.10297304758004
way/1097982502-380,14.75400584442429,37.21969761144918
way/1098087457-380,16.28269545720473,40.520785103240016
way/1098527891-220,14.094071398474728,41.24323498496264
way/109993642-380,15.98594405647175,38.44214687210391
way/109997676-380,15.637926803314416,38.20323565997217
way/1100665914-380,16.804718069698314,39.02870998180088
way/110138220-220,15.282754794054384,38.18752093317158
way/110138220-380,15.283009796843295,38.187699591658586
way/110310021-380,16.36162549191583,38.93292599401015
way/110330925-380,16.21483403510264,39.71261001542813
way/1103579629-380,15.44464074150967,38.24743328800171
way/1105061707-220,7.282299486401616,46.97208656777328
way/1105061707-380,7.282568003868039,46.97228439816908
way/110660048-380,15.741323069274952,38.23671042179426
way/111020792-220,10.833346235288118,45.46725413127132
way/111162936-220,6.613906163011193,46.55735731270573
way/111162936-380,6.61415579941978,46.557199620285736
way/111162936-400,6.614228976183675,46.55742809413242
way/1117128898-380,15.00167189269068,37.43136074525875
way/1134655722-220,14.311875060879862,40.8415135598381
way/113568896-220,15.73367491462139,46.398306683516346
way/113568896-400,15.733970250953444,46.39848234674065
way/113570302-400,17.83630045117512,46.414574264094654
way/113578863-380,15.695605633231962,46.52190304219396
way/113578863-400,15.695901551709442,46.52207879211183
way/114659171-220,14.478387837098891,40.74488979776192
way/114661587-220,14.09739045711168,40.924334845775576
way/114661587-380,14.097653413495667,40.92451602920032
way/114931087-380,11.05203291983036,44.12199839866037
way/1155109902-220,9.62399123404973,44.4330876113363
way/1155116746-220,12.671709879782348,37.818344678260175
way/1158716725,12.806985991114674,41.42980383291617
way/1158716725-380,12.806917359340522,41.42904030788352
way/116517585-380,9.870107949592573,45.07053668474597
way/116518388-380,9.95693133426036,45.18340145973701
way/116519166-380,9.942755772771536,45.14787897338602
way/116692433-220,10.18387362136752,45.50787758654308
way/116697005-380,10.913160318488693,45.17798084420546
way/116797658-220,10.840505855040895,45.14837776932442
way/116797658-380,10.840778024405331,45.14856679572826
way/118987056-220,9.146785286382311,39.2972613838467
way/118987056-380,9.147027249337317,39.29745572599938
way/119244495-220,15.129580391680854,46.27592917646893
way/119244495-400,15.129873012733654,46.27610653860974
way/1203262444-220,9.130754307468637,45.436701702005
way/120356593-380,10.106462620510202,45.538090023637686
way/1204275778-220,9.15401491834428,45.39242723775505
way/1205235724-220,9.207547259976645,45.4723284596721
way/1208713169-220,9.420849814063352,46.59013674758357
way/120916823-220,12.197685324325615,42.99478464859902
way/121500497-225,6.835777617233261,43.5946976676419
way/121500497-400,6.836029074501875,43.59489695449954
way/122720993-220,7.125695387557911,46.76660397263626
way/123176540-220,9.873732706691095,47.07321264461928
way/124220303-220,14.771305650238002,40.692234761900025
way/126203383-380,16.22771865435065,41.21369999197973
way/129122541-220,14.52184877804528,45.28680687559485
way/129406824-220,12.237897197360107,45.4621984094249
way/130198336-220,8.58387184139076,46.66729077214159
way/131291789-380,10.508041553746136,45.4150003873265
way/131295368-220,11.50055510592524,45.51927223002737
way/1317893096-220,15.17202685059222,37.125476372815335
way/132455976-220,14.227783887303207,40.932523057399365
way/132637884-220,14.39396399500126,40.93463335881653
way/132638645-220,14.415095672987825,40.9324420506393
way/132643428-220,14.582558418877248,40.79253465975244
way/132645607-220,14.471185290988954,40.75538813351775
way/132701023-220,14.370725251369844,40.9677636303245
way/132701980-220,14.218635837032874,41.01181099389243
way/132701980-380,14.21889952695263,41.0119918321364
way/132702940-220,14.27884875309039,40.94892030983893
way/1327084723-220,8.595434381742702,46.35035364659204
way/132725149-220,14.159953118382283,40.83430999712171
way/132726160-220,14.10848689536534,40.83887421181607
way/133601335-220,9.506480607354272,45.51007285896088
way/133601335-380,9.506749946543636,45.51026526640189
way/135270825-220,9.186642211301429,45.43654403124239
way/136457747-220,13.394146088091064,43.21451463854357
way/136594238,9.44998474080447,42.52848560225742
way/136762727,8.713917011839937,40.652049127100376
way/136762727-220,8.712222199628764,40.65214361973088
way/136762727-380,8.712467917207473,40.65233877202543
way/136789074,10.694485729459018,43.05186024026141
way/137317951-220,9.168821287618725,45.5358525017832
way/138362793-220,14.613549486380368,46.09299718191955
way/138362793-400,14.61383935607974,46.09317599542553
way/139442467-220,11.46111340153196,44.483290739395926
way/139442467-380,11.461384412490224,44.48347824531044
way/139593701-225,7.007889363043802,43.58414560087649
way/139758444-220,11.380403064804495,44.25905174889276
way/139975773-380,11.150816371424863,43.76519334761294
way/140715391-220,11.230861600128287,43.7122175123443
way/140715391-380,11.23112820123774,43.71240573780181
way/140873735-220,8.667907027086885,46.770135591197366
way/141046481-220,8.63034254525952,39.89096040634136
way/143585004-380,12.508368664950725,44.01268132948646
way/144005861-220,8.916915467608167,39.38892873211016
way/144005863-380,8.622934604109723,40.5766010473867
way/144006711-220,9.000698895448032,40.2445038909576
way/144378054-220,11.807565652391398,43.44660021200692
way/145665799-220,17.977883705084018,40.64272249417884
way/145665799-380,17.978156457651163,40.64289305606743
way/146449309-225,6.712098438443547,45.21465086220046
way/146449309-400,6.712356523074227,45.214850255998286
way/146590045-225,7.187849358220757,43.7187556791173
way/146791061-380,16.726670419347652,41.07571115250006
way/146791215-380,16.734446062436042,41.0938859154728
way/147466201-220,10.986040091888936,46.06726849773145
way/147580976-225,6.924595995062093,45.5042684868416
way/148969091-380,10.966107470533087,44.61319577873429
way/149188707-220,11.78971736915648,45.67343304952748
way/149997403-380,12.232689812338029,44.45351635005554
way/151070909-220,11.245321918503016,46.29045265743338
way/151335166-220,11.063136097095777,46.32509502328221
way/152457216-220,11.056100201266648,46.564927710651446
way/152465478-220,11.337976465201406,46.47933690999251
way/152597636-380,9.296068629681796,45.74707141425274
way/153548074-220,10.915064467925514,46.62253457114315
way/153548156-220,10.918530057776236,46.551479442451736
way/153772895-220,10.708188890587394,46.61129571699695
way/155158689-380,12.142167392593263,45.050209030627926
way/155590373-380,15.753360808084487,38.25818645518132
way/155791516-380,10.905112126769383,45.2977625541443
way/155976563-220,12.319923956579071,45.87717052473777
way/155976582-220,12.329835360302742,46.06902392245031
way/156001963-220,10.773761602449603,45.45243054529526
way/156001981-220,10.756810811588412,45.46752252873483
way/157666416-220,12.677582744381937,42.570107236637305
way/157912118-380,15.5611978912356,38.22850031960228
way/158599954-220,10.07965803640053,44.04541582389989
way/158652469-220,13.70899639039798,42.58588127642258
way/158739183-380,12.265142054166128,44.48458465955778
way/159158469-220,15.138578052986292,37.11634249433215
way/159527493-220,8.173814346256965,46.82235691155356
way/159821869-220,12.302935787447204,46.201048186811526
way/161853746-220,7.152629759174438,46.94950332489576
way/161867064-220,11.729465452788718,45.91322596247108
way/162022271-220,15.903205816155046,43.75638875753232
way/162066055-220,10.761298730494495,45.42719408964269
way/162066058-220,10.904155311356496,45.43841983418363
way/162826525-220,12.805617108490251,46.82495219931811
way/162826525-380,12.805904839828166,46.825135819428674
way/162828577-220,8.746433975244907,45.51833275697086
way/162828577-380,8.74670068746783,45.518527085978576
way/162960205-220,9.438279442154432,45.33305225984863
way/162960205-380,9.438547684240657,45.33324486228698
way/163056522-220,9.88666060956351,46.17243041906866
way/163056526-220,9.877030999231714,46.268776377156094
way/163058980-220,10.553072899304455,45.17005670057512
way/163789376-220,9.923569390311016,46.16045375073248
way/163860997-400,15.754697507990151,44.20739602565296
way/163958919-220,9.256880344855158,45.4775653766993
way/163958920-220,9.13262926525682,45.47124775616931
way/166196787-220,9.597460343894934,45.63602263659047
way/167068843-220,14.484437511716983,46.10282915366863
way/170366194-220,16.41378481811703,45.45249240172426
way/171270810-380,15.475301397792093,41.20241837803127
way/172302572-380,12.623232607814796,41.55772987335283
way/172705586-220,13.283565125322166,38.12801141317943
way/173272584-220,14.925104123459262,44.942709369849865
way/180468540-220,13.67981228488562,46.54319159130831
way/181125039-220,11.593616339212472,44.85811449927622
way/181125039-380,11.593889622685587,44.858301602886726
way/182816228-225,6.724619270805545,45.91596854827719
way/185576620-220,17.21612491291415,40.51488540492055
way/189137043-220,10.686189995480534,45.70387744486011
way/189612607-380,9.05732847726924,45.54393959747434
way/194186027-220,15.305379215013025,38.20217138579272
way/194258388-220,7.111909524148566,46.611103814178406
way/199675964-380,16.657977692574374,38.8764858921052
way/199676823-380,16.616265215981258,38.99557962241419
way/202178573-220,14.36293723498606,40.80792766799168
way/202179060-220,14.356864956301605,40.83916571147289
way/202271565-380,9.514962855040435,45.14072218812976
way/202272734-220,11.63402044143956,45.43202926295041
way/202711181-220,14.496417182463956,40.94391119783727
way/202772821-220,10.122702836189143,46.14116700084045
way/203225567,8.306507186431089,40.84110865715793
way/203468251-220,9.253937187705391,45.54245203435514
way/205597560-220,10.713158641145158,45.400086349012405
way/207383904-220,14.225254008041963,40.85600808708
way/207991759-380,10.062555293517526,46.34885054673623
way/207993342-220,9.467101253739235,46.704671298611736
way/207993342-380,9.46737645038179,46.70486367263559
way/208398923-380,10.901445922051868,44.85103787856435
way/208780268-380,9.689655597943046,46.66943764831275
way/209324991-220,7.858662047182449,46.670304209093366
way/209982720-380,15.25647215853039,41.34248804776208
way/210568055-220,9.042798783564814,46.75131598306261
way/210568055-380,9.04307267917682,46.75150943150697
way/210745193-220,14.166639022574504,45.137590945224346
way/211180338-380,9.794259613680678,45.15425179958629
way/211907009-220,9.539174169987046,46.97740801367356
way/212498548-220,9.433915754652878,46.53031367989957
way/212722603-220,7.557798354135443,46.28703669094423
way/212722603-380,7.558120743344406,46.287104640458736
way/214294769-220,11.762889015076214,46.06693681835169
way/219909160-220,10.054120948657769,46.96895964696972
way/219909161-220,9.874342440549391,47.08484051332226
way/222427976-220,12.534273165142704,41.91096040007918
way/228003081-220,7.956552648739204,46.08382669235195
way/234983117-220,7.24930069311096,46.18537024748695
way/234983117-380,7.24956523802473,46.18556822956354
way/236661269-380,9.131776334073976,45.34471815620407
way/236819191-220,7.874670880383293,46.23792888408876
way/238138373-380,6.901599807471635,46.06616621154536
way/240959264-220,8.234673974902828,46.70230574117003
way/251735977-220,17.264451011211023,44.32863795543143
way/255011550-380,9.013070301051638,39.08194569024564
way/257351439-380,15.32852182995438,40.97481246040685
way/260211728-225,6.949838605733583,46.05089610008964
way/260211728-380,6.949912590051687,46.051124415887045
way/26166640-220,7.514156755946366,46.77860782197829
way/265745327-225,7.318974304132547,43.74717454773523
way/273326173-220,15.105276725972995,44.99301484758882
way/273536873-225,6.7910563576011365,45.61963186463411
way/281800404-220,8.749245388247422,46.19777844018417
way/281803398-220,8.9793979537339,46.333583205772456
way/281804158-220,9.21277587292742,46.340257020596965
way/281804158-380,9.213048291249896,46.34045008010711
way/281815404-220,8.912252581670895,46.16202113516975
way/281822905-220,8.612626559833338,46.41143533663726
way/288149641-220,9.222806669204472,45.46032554593754
way/289178949-220,11.006073797821363,45.42847492171852
way/296141722-220,8.466551146815176,44.31865467701494
way/303915533-220,8.999764236868693,39.22802176609884
way/303915533-380,9.000005515989272,39.22821648844636
way/303965869-380,16.465211866812854,38.86878250185528
way/309371152-220,7.672759606813172,45.07057411385964
way/309371153-220,7.646339072429528,45.03172242513181
way/321724202-380,17.751448280063077,40.39774760667379
way/335012182-220,8.429310511154027,45.18544850420357
way/338453112-380,11.183279495761782,44.54369790179143
way/338753171-380,15.198633004853098,37.13099188952819
way/338760116-380,16.85045655406831,40.667518415244736
way/338790588-380,16.202390968086664,40.26895513660013
way/338792752-380,15.387158558882929,41.588376505901344
way/338795626-380,15.47242669160705,41.21928908530814
way/338948868-220,13.751444206862784,37.96725623367729
way/338969614-220,15.281503865743026,38.20381553001637
way/339104227-380,9.635817774817358,45.22572626353987
way/339703159-220,11.478784252192298,43.56466861772572
way/339703159-380,11.479050973648167,43.5648562218346
way/339706878-380,13.533234889837969,41.53463303650896
way/339706879-220,13.534413611617808,42.85074838433845
way/339706879-380,13.534683522408264,42.8509306815747
way/339706880-380,11.829433564439231,42.37402658126666
way/34157795-220,9.092290909379724,45.53843750816028
way/34157795-380,9.092558935319891,45.53863096277139
way/347968939-220,11.7786275503188,47.085516696092746
way/348500306-220,9.934277067153044,46.30026694561209
way/350356755-220,10.37183737076043,44.91436392627048
way/35487135-220,8.920590110295574,46.028484492512405
way/354923815-220,9.178651074797946,45.48349128250471
way/35680992-220,11.320964155157704,46.47757597161371
way/363469921-380,11.681753525338667,44.83544332110282
way/36348118-220,9.418694477738638,46.76521906559432
way/364949845-220,8.130858273297985,46.39576493445295
way/364949845-380,8.131182017993615,46.395831155773216
way/365556107-220,9.195200226426904,46.77471216046119
way/36873258-220,13.501754017021938,43.57273551427839
way/36873258-380,13.502027247364191,43.57291776580208
way/370531649-220,9.507770272651566,45.05183729196122
way/375892272-220,8.399458995710239,39.20559416066333
way/375907988-220,13.019331740169214,37.62205356212289
way/375908008-220,12.58825414297906,37.876078223701725
way/375922075-220,14.730669662602688,36.90194786107364
way/375922076-220,15.214516149887112,37.13915219153102
way/376351180-220,13.410774453934202,42.51141481903724
way/376502663-220,14.21627566794808,40.87589303614188
way/376502734-220,14.301125994980914,40.91013015667595
way/376642649-220,9.215795647692838,45.52944531106769
way/376952592-220,14.394923034729134,40.91998573630809
way/376952616-220,14.654000509844812,40.7617628517563
way/377444648-220,14.275635832011536,40.93045262043151
way/377444657-220,14.249138071021235,40.90542979260898
way/377588184-220,14.321470711189296,40.99144875458552
way/377588185-220,14.375418190513118,41.05584568385507
way/377588191-220,14.383832272426876,40.97793222759027
way/377588196-220,14.349151549466232,41.05466939426871
way/377830944-220,7.614702359378025,45.10168056313169
way/377832777-220,10.149280636225894,46.20561572919586
way/391576135-220,8.1183564066559,46.1673028084652
way/391577741-220,8.070149099603311,46.18823449403168
way/392068532-380,15.070723542155829,41.75746312161721
way/39255054-380,10.296797936181102,44.7773677174362
way/402055336-220,7.273283710840494,46.49157706605423
way/40634284-220,11.166870388732786,43.84882492755656
way/40634284-380,11.167137416689831,43.84901329757305
way/409439916-380,8.30588066879918,40.8435785368336
way/409768426-220,9.14015557893676,40.127285838504505
way/411026199-380,15.000264650091916,41.93602954425781
way/412967421-220,10.08457981098628,46.1529456575442
way/412967424-220,10.351712494524913,46.486225300370855
way/41360305-380,11.055421599034814,43.80653142480525
way/414663585-380,10.456999531885833,43.38577209205995
way/416438053-225,6.959043574187663,43.55285479813017
way/416438054-225,6.732421148659034,43.43745056090035
way/416679116-220,12.113133248504417,45.55796296997482
way/416679117-220,12.204424362332018,45.46962781959314
way/416989699-380,11.538800806610633,42.359450655926175
way/418565263-380,15.538874339381222,41.50201564014679
way/418565264-380,15.423441556172428,41.62573161105927
way/41892273-220,13.471471226410229,45.85215942671775
way/41892273-380,13.471696683429986,45.851986420419
way/41892273-400,13.471797490793072,45.85220939419533
way/419423700-220,14.128079173895417,41.47634537331002
way/419423704-220,14.089694893713862,41.381521156129416
way/419423704-380,14.089959823335978,41.38170226052275
way/419423705-380,14.112469832998745,41.17719412596965
way/420698910-220,15.027865405550772,40.65748374801006
way/421827453-380,9.709115304509623,45.05621100821793
way/42206116-380,9.820005353090764,45.671231797234014
way/42862642-220,11.14541695796793,46.612393096197
way/431234146-220,8.597013086126852,46.526902581269
way/432729521-380,16.755291657300557,41.10255400437828
way/432871051-220,8.85775632634144,40.01066272133409
way/432871052-220,8.865898126143295,39.88685263118735
way/43337263-220,16.50099637767922,43.60025925825496
way/43337263-400,16.50127907148467,43.60043328704915
way/435429368-220,14.292364271344226,40.84138839802532
way/435433908-220,14.248643129034082,40.83434221410705
way/435433909-220,14.283314690482271,40.864993642671074
way/436352445-220,12.50364165415236,41.89171374518408
way/448777455-220,9.181207982272186,45.47323266881059
way/449694943-380,15.759039674972152,41.44441877554196
way/467599613-225,7.206854694526007,43.676575665206016
way/467599626-225,7.130426126471413,43.661179323279455
way/467599657-225,7.2504811511278415,43.701813080132645
way/490359963-400,14.326175780909418,46.25259036295512
way/491424937-380,7.008549098882091,45.16200312028151
way/491424937-400,7.0088079997712,45.16220179722597
way/495354824-380,16.120361111128044,40.88294237800731
way/504195617-220,14.35349714144182,40.92225967995147
way/50589203-220,15.015145598126452,37.51005348987632
way/507064051-220,13.47438512972878,37.44444481640679
way/527885953-380,11.20686938400739,43.70938162743537
way/53635045-220,12.852967941589355,37.69511996502745
way/55698557-220,6.974447516268117,46.26617098320981
way/55698557-225,6.974711442496266,46.26636963218648
way/56984450-220,13.643915384459428,37.367515425184536
way/57380344-220,14.68141447239356,36.8798338948435
way/57384507-220,14.642384014801088,37.07891531425234
way/57384507-380,14.642633093370437,37.07909600006649
way/57403755-220,13.513775144074527,37.87182367689311
way/577074555,14.125116758695864,42.39492255580486
way/57736541-220,13.056392138877698,38.00516735055049
way/57736553-220,13.731829277129734,37.96803681462112
way/58440884-380,10.19357400651796,45.49137945429279
way/58516664-220,7.65199024070228,45.08614088135609
way/58931857-380,12.865988033738308,41.75704146187435
way/58992998-380,13.233902183312091,45.78349720146082
way/59026315-220,12.48803505813266,45.72039114880511
way/59026315-380,12.48831574215926,45.7205757661095
way/590522266-220,13.28525747441596,45.96310476662666
way/590522266-380,13.28554215382661,45.963287213862806
way/591027058-380,15.45866174541849,38.23259843802109
way/59153311-220,12.114053723373065,45.40088877855849
way/59153311-380,12.114331486098123,45.40107443355991
way/59219335-380,11.601577912388697,42.37565954769383
way/59366523-220,11.949663123541487,45.38702748737463
way/59366523-380,11.94994025869462,45.38721357867259
way/59462263-380,13.130575924501096,46.04493873868804
way/59462715-380,13.287642047737885,45.8166421238859
way/59556712-220,11.299833503768168,45.38094541036471
way/59556712-380,11.30010839759668,45.381133209112896
way/59604857-220,13.251286521363296,46.00407463335411
way/59620552-220,10.993589799278348,46.65123426219066
way/59629638-220,8.863830735647305,44.41759856866728
way/59683455-220,16.702004592938074,43.45514307124362
way/60235685-380,14.963507654292714,41.82084436751538
way/603139216-220,13.828007287253142,46.55509999397768
way/60616350-380,14.56552750440546,42.052786399442105
way/60725875-220,13.547632893910022,45.79751698123737
way/60725875-380,13.547917572630796,45.79769874443405
way/60888331-380,17.906754846268214,40.54696050234928
way/60913666-380,16.852457568101816,41.05226746578238
way/60919237-220,17.902576348063132,40.600966678151686
way/60919237-380,17.902848701623093,40.60113746329227
way/61038773-220,13.831378863073994,45.6631693320817
way/61157826-380,14.886265510185396,37.53869012055183
way/61463169-220,13.077243509316755,46.229010817451744
way/61484190-220,8.915084898044833,44.47726759586255
way/61626687-380,13.703885427660316,42.59854393015829
way/61650514-220,13.066766022286036,46.34313608025378
way/61712456-220,12.68756933758869,42.55682625430116
way/61712456-380,12.687835271812272,42.55701086123461
way/62326314-220,9.059084217819786,45.46748727156904
way/62326314-380,9.059351784342226,45.46768081847862
way/64200868-380,10.343923951196526,46.17263249603665
way/64942789-380,11.57128105921689,45.66652849714596
way/653230504-380,15.65812275741409,41.05868006890279
way/66872608-220,7.418644323867837,45.43528740227742
way/67461115-220,8.600716623111378,45.42195338434694
way/674785007-225,7.493910440515756,43.7840765890811
way/68299044-220,9.28892545861273,45.554495768084784
way/68299044-380,9.28919425266964,45.5546887228663
way/69332224-225,6.940252651624347,43.65569319393036
way/694695942-380,15.491168450564905,46.91008697833494
way/71500123-220,9.378873087203484,46.811139511097466
way/71500123-380,9.379148514658684,46.81133209927652
way/72466334-220,10.351191775875526,46.050341452882016
way/72466334-380,10.351466770783066,46.05053163042619
way/72475426-380,9.897776153459494,45.54078164862496
way/72570378-380,8.751852574287575,46.066877188195456
way/72570474-380,8.902887715882311,45.81407571599457
way/72581705-380,8.668092124218552,45.73672735218064
way/737067003-220,16.100797800454718,44.06449494578801
way/74210017-380,8.9725862349985,45.52929699226952
way/742344914-225,7.101366188606892,43.58421277055559
way/74359510-220,9.108513293951791,45.63684735418967
way/74677138-380,9.171048885537536,45.61297322489667
way/74943205-380,12.955828817065388,43.787502909339295
way/75378894-220,8.983151848067319,45.65218443883616
way/75378894-380,8.983420041467683,45.65237815596196
way/75602396-380,10.119822458024288,45.83145787895009
way/758315582-220,7.65486350650142,46.680751374315896
way/758943072-220,7.308450972512927,46.0317529216154
way/75947556-380,9.600519800517167,45.57713021258138
way/76705565-220,12.530644664625733,41.71984840829187
way/76705565-380,12.530906403246988,41.72003359064888
way/76709660-380,12.751535589498149,41.890279178091966
way/772234863-220,9.452699780252416,45.65639315859421
way/772234863-380,9.452969647002002,45.65658568534083
way/78066534-380,10.775291920572254,44.62680796049842
way/79818891-220,16.71876991179986,44.94099405009348
way/79879290-220,9.23564381242568,45.51281882098645
way/802058337-220,7.209400949620384,46.15852172448291
way/802058337-225,7.209665220217243,46.15871980721016
way/80442466-220,10.267123883256104,46.29290028495662
way/80517630-220,12.54251258675376,42.00438288530185
way/80517630-380,12.542775606681746,42.00456798058728
way/818615644-225,6.647704016147853,43.78817619997266
way/81929591-380,12.482237005744103,44.95696810299626
way/81931074-380,12.093776803602529,44.27327056963256
way/81938081-380,12.138623961170328,44.42825175737038
way/82078641-220,11.143387108245816,45.05857215803879
way/82078641-380,11.14365986383947,45.058760409472974
way/82083756-380,12.463544577145123,45.923832223432406
way/82084013-380,11.586482010563518,44.87885382582512
way/82084019-380,11.25086352813824,45.02432162462559
way/82651599-220,8.082882494567468,45.54862897993351
way/82759380-380,11.799745218822643,42.16500409695634
way/82762493-220,11.816486390872315,42.13579574786606
way/82762493-380,11.816747752615475,42.13598272186011
way/82767145-220,11.763427952283935,42.12511896048068
way/82767145-380,11.76368910314849,42.125306074841625
way/82793962-220,10.62870942318312,45.92364519303514
way/83058212-380,14.716650300178893,41.11474876195774
way/83740194-380,15.42316775276753,46.903637999396175
way/83742801-380,15.725629796668306,47.09103556349345
way/83805040-220,13.327769698148844,46.870956769997285
way/83805453-380,11.123477359778288,43.290080045379405
way/83872215-380,13.833394358502442,41.24935471626155
way/84277460-220,13.84685950001685,42.14843242980229
way/84301904-380,12.194179541558468,45.5473250091194
way/84696559-220,14.382508684969745,41.00714510498823
way/84696559-380,14.382772833251291,41.0073255029649
way/84963374-220,12.45455435472159,42.00906690520007
way/85196861-220,14.982935354352062,40.64472166834269
way/85196861-380,14.983199664234464,40.64490052421274
way/85297730-220,14.505128137411996,40.71521858234684
way/86119428-220,14.027972802195714,46.56831819605444
way/86119456-220,14.172961241032786,46.535843996598906
way/87365703-220,14.702437421085214,46.62971231262637
way/88361192-220,7.61561040453164,45.01211345665387
way/891280888-380,14.78468569035964,41.17753297848257
way/89817617-220,14.563904567364178,45.31618459534974
way/89817617-400,14.564190054501609,45.31636366839107
way/89818719-400,15.869401606746242,45.68142826573554
way/89819945-220,16.111889141850742,45.66742738186066
way/89820062-220,16.162583761408865,45.87599739321187
way/89820062-400,16.162877551551272,45.87617194257123
way/89827347-220,17.769573186391867,43.30302578903101
way/89827347-400,17.769858195754946,43.3031963063133
way/90842395-225,7.191472770661606,43.80299915812447
way/90842395-400,7.1917263201567625,43.80319755169996
way/93038661-380,8.951670299058994,45.11262623694915
way/93315059-380,9.701768226552195,45.09267286913445
way/936521586-380,7.061264358931231,46.110634293306326
way/93850768-220,14.3253430258592,40.875799242414
way/93860115-220,14.230042284885776,41.03530090603604
way/93860115-380,14.2303061103675,41.03548170840439
way/943595603-220,14.681313949498994,46.66836491571674
way/943595603-380,14.681607278941732,46.66854345649989
way/944660251-220,14.551976246315736,40.77993144699613
way/948708156-225,7.285155970096232,43.70791988685397
way/95466193-220,12.537099235382623,41.78403997176225
way/95466377-220,12.482322170559016,41.80557347330228
way/95840602-380,11.92932079600482,45.39047790759174
way/96190189-220,13.556312883227962,42.537800172015686
way/96190189-380,13.556581412341025,42.5379824707215
way/96658563-220,11.111062931878966,46.129899415909016
way/96704507-220,16.913620388699012,45.448081289056574
way/96705565-400,17.170111721777992,46.791106426872496
way/96722667-220,14.408781611334202,45.35480557715705
way/96727258-220,11.282816744941174,46.47692740859024
way/96747435-220,13.968776790777346,45.691177840920645
way/96747435-400,13.969062312231005,45.69135847831617
way/969811258-220,8.837487489454077,46.44140479554256
way/969811258-380,8.837729865428164,46.44124196740788
way/969819301-220,8.040918018352007,46.3509103639326
way/969819301-380,8.041186253055935,46.35110637018335
way/97941869-220,8.25637455334332,47.0586339829524
way/98421779-380,8.194456935668216,45.25081121983935
way/98427149-380,8.894674259291543,44.99087324737887
way/98427407-220,8.275408778633288,45.18377716772803
way/98638424-220,8.415753651902731,45.33444359656209
way/98787157-220,10.576176540947635,46.67366803556583
way/988370787-220,14.3331283616859,40.88543450340096
way/988654143-380,14.813949447456476,40.99500135102392
way/98900549-380,8.86520569292306,45.09989967253723
way/98901130-380,8.971759168428566,45.02774629330594
way/98902899-220,7.441650254072929,44.96962354139147
way/98902899-380,7.441909810898197,44.96982117834455
way/99694910-380,7.7892782005302115,44.46273179679329
way/99826025-220,7.785443587366926,44.87546070934813
way/99826025-380,7.785703920085001,44.87565750963268
